{"ratio":0.48,"chars":{" ":{"canvas":[0.0,0.76,0.0,0.0],"rect":[0.0009765625,0.158203125,0.0,0.0]},"!":{"canvas":[0.35,0.128,0.3,0.648],"rect":[0.001953125,0.00390625,0.017578125,0.158203125]},"\"":{"canvas":[0.2,0.128,0.65,0.264],"rect":[0.0205078125,0.00390625,0.0380859375,0.064453125]},"#":{"canvas":[0.0333333333,0.16,0.9833333333,0.592],"rect":[0.0595703125,0.01171875,0.0576171875,0.14453125]},"$":{"canvas":[0.1,0.144,0.8833333333,0.664],"rect":[0.1181640625,0.0078125,0.0517578125,0.162109375]},"%":{"canvas":[0.05,0.152,0.9833333333,0.624],"rect":[0.1708984375,0.009765625,0.0576171875,0.15234375]},"&":{"canvas":[0.0666666667,0.16,0.9666666667,0.624],"rect":[0.2294921875,0.01171875,0.056640625,0.15234375]},"'":{"canvas":[0.4,0.128,0.3,0.264],"rect":[0.287109375,0.00390625,0.017578125,0.064453125]},"(":{"canvas":[0.2666666667,0.12,0.65,0.808],"rect":[0.3056640625,0.001953125,0.0380859375,0.197265625]},")":{"canvas":[0.1333333333,0.12,0.65,0.808],"rect":[0.3447265625,0.001953125,0.0380859375,0.197265625]},"*":{"canvas":[0.0666666667,0.264,0.9166666667,0.408],"rect":[0.3837890625,0.037109375,0.0537109375,0.099609375]},"+":{"canvas":[0.0833333333,0.256,0.8833333333,0.416],"rect":[0.4384765625,0.03515625,0.0517578125,0.1015625]},",":{"canvas":[0.3,0.64,0.3666666667,0.28],"rect":[0.4912109375,0.12890625,0.021484375,0.068359375]},"-":{"canvas":[0.1333333333,0.416,0.7833333333,0.096],"rect":[0.513671875,0.07421875,0.0458984375,0.0234375]},".":{"canvas":[0.35,0.64,0.3,0.136],"rect":[0.560546875,0.12890625,0.017578125,0.033203125]},"/":{"canvas":[0.1166666667,0.12,0.8333333333,0.688],"rect":[0.5791015625,0.001953125,0.048828125,0.16796875]},"0":{"canvas":[0.1,0.16,0.8666666667,0.616],"rect":[0.62890625,0.01171875,0.05078125,0.150390625]},"1":{"canvas":[0.1666666667,0.168,0.7166666667,0.6],"rect":[0.6806640625,0.013671875,0.0419921875,0.146484375]},"2":{"canvas":[0.1333333333,0.16,0.8,0.6],"rect":[0.7236328125,0.01171875,0.046875,0.146484375]},"3":{"canvas":[0.1166666667,0.16,0.8,0.616],"rect":[0.771484375,0.01171875,0.046875,0.150390625]},"4":{"canvas":[0.0833333333,0.168,0.8833333333,0.592],"rect":[0.8193359375,0.013671875,0.0517578125,0.14453125]},"5":{"canvas":[0.1166666667,0.168,0.8333333333,0.608],"rect":[0.8720703125,0.013671875,0.048828125,0.1484375]},"6":{"canvas":[0.1333333333,0.16,0.8,0.616],"rect":[0.921875,0.01171875,0.046875,0.150390625]},"7":{"canvas":[0.15,0.168,0.7666666667,0.592],"rect":[0.0009765625,0.2109375,0.044921875,0.14453125]},"8":{"canvas":[0.1166666667,0.16,0.8333333333,0.616],"rect":[0.046875,0.208984375,0.048828125,0.150390625]},"9":{"canvas":[0.1333333333,0.16,0.8,0.616],"rect":[0.0966796875,0.208984375,0.046875,0.150390625]},":":{"canvas":[0.35,0.344,0.3,0.432],"rect":[0.14453125,0.25390625,0.017578125,0.10546875]},";":{"canvas":[0.3,0.344,0.3666666667,0.576],"rect":[0.1630859375,0.25390625,0.021484375,0.140625]},"<":{"canvas":[0.0666666667,0.208,0.9166666667,0.52],"rect":[0.185546875,0.220703125,0.0537109375,0.126953125]},"=":{"canvas":[0.0833333333,0.336,0.8833333333,0.272],"rect":[0.240234375,0.251953125,0.0517578125,0.06640625]},">":{"canvas":[0.0666666667,0.208,0.9333333333,0.52],"rect":[0.29296875,0.220703125,0.0546875,0.126953125]},"?":{"canvas":[0.1166666667,0.128,0.8166666667,0.648],"rect":[0.3486328125,0.201171875,0.0478515625,0.158203125]},"@":{"canvas":[0.05,0.16,0.95,0.616],"rect":[0.3974609375,0.208984375,0.0556640625,0.150390625]},"A":{"canvas":[0.0166666667,0.152,1.0166666667,0.616],"rect":[0.4541015625,0.20703125,0.0595703125,0.150390625]},"B":{"canvas":[0.0833333333,0.168,0.8833333333,0.592],"rect":[0.5146484375,0.2109375,0.0517578125,0.14453125]},"C":{"canvas":[0.0666666667,0.16,0.9333333333,0.616],"rect":[0.5673828125,0.208984375,0.0546875,0.150390625]},"D":{"canvas":[0.1,0.168,0.8833333333,0.6],"rect":[0.623046875,0.2109375,0.0517578125,0.146484375]},"E":{"canvas":[0.1166666667,0.168,0.8333333333,0.592],"rect":[0.67578125,0.2109375,0.048828125,0.14453125]},"F":{"canvas":[0.15,0.168,0.7833333333,0.592],"rect":[0.7255859375,0.2109375,0.0458984375,0.14453125]},"G":{"canvas":[0.0666666667,0.16,0.9166666667,0.616],"rect":[0.7724609375,0.208984375,0.0537109375,0.150390625]},"H":{"canvas":[0.1,0.168,0.8666666667,0.6],"rect":[0.8271484375,0.2109375,0.05078125,0.146484375]},"I":{"canvas":[0.15,0.168,0.7166666667,0.6],"rect":[0.87890625,0.2109375,0.0419921875,0.146484375]},"J":{"canvas":[0.0833333333,0.168,0.8833333333,0.608],"rect":[0.921875,0.2109375,0.0517578125,0.1484375]},"K":{"canvas":[0.0833333333,0.16,0.95,0.608],"rect":[0.0009765625,0.40625,0.0556640625,0.1484375]},"L":{"canvas":[0.1166666667,0.168,0.8166666667,0.6],"rect":[0.0576171875,0.408203125,0.0478515625,0.146484375]},"M":{"canvas":[0.0666666667,0.168,0.9166666667,0.6],"rect":[0.1064453125,0.408203125,0.0537109375,0.146484375]},"N":{"canvas":[0.1,0.168,0.8666666667,0.6],"rect":[0.1611328125,0.408203125,0.05078125,0.146484375]},"O":{"canvas":[0.05,0.16,0.95,0.616],"rect":[0.212890625,0.40625,0.0556640625,0.150390625]},"P":{"canvas":[0.1166666667,0.168,0.85,0.592],"rect":[0.26953125,0.408203125,0.0498046875,0.14453125]},"Q":{"canvas":[0.05,0.16,0.95,0.736],"rect":[0.3203125,0.40625,0.0556640625,0.1796875]},"R":{"canvas":[0.1,0.168,0.9,0.592],"rect":[0.376953125,0.408203125,0.052734375,0.14453125]},"S":{"canvas":[0.0833333333,0.16,0.8833333333,0.616],"rect":[0.4306640625,0.40625,0.0517578125,0.150390625]},"T":{"canvas":[0.05,0.168,0.9333333333,0.6],"rect":[0.4833984375,0.408203125,0.0546875,0.146484375]},"U":{"canvas":[0.1,0.168,0.8666666667,0.608],"rect":[0.5390625,0.408203125,0.05078125,0.1484375]},"V":{"canvas":[0.0333333333,0.168,1.0,0.6],"rect":[0.5908203125,0.408203125,0.05859375,0.146484375]},"W":{"canvas":[0.0166666667,0.168,1.0166666667,0.6],"rect":[0.650390625,0.408203125,0.0595703125,0.146484375]},"X":{"canvas":[0.05,0.168,0.9666666667,0.592],"rect":[0.7109375,0.408203125,0.056640625,0.14453125]},"Y":{"canvas":[0.0333333333,0.168,0.9833333333,0.592],"rect":[0.7685546875,0.408203125,0.0576171875,0.14453125]},"Z":{"canvas":[0.1,0.168,0.8833333333,0.6],"rect":[0.8271484375,0.408203125,0.0517578125,0.146484375]},"[":{"canvas":[0.25,0.12,0.65,0.728],"rect":[0.8798828125,0.396484375,0.0380859375,0.177734375]},"\\":{"canvas":[0.1166666667,0.12,0.8333333333,0.688],"rect":[0.9189453125,0.396484375,0.048828125,0.16796875]},"]":{"canvas":[0.15,0.12,0.65,0.728],"rect":[0.0009765625,0.587890625,0.0380859375,0.177734375]},"^":{"canvas":[0.1666666667,0.168,0.7166666667,0.288],"rect":[0.0400390625,0.599609375,0.0419921875,0.0703125]},"_":{"canvas":[0.0666666667,0.752,0.9333333333,0.088],"rect":[0.0830078125,0.7421875,0.0546875,0.021484375]},"`":{"canvas":[0.2666666667,0.12,0.4333333333,0.256],"rect":[0.138671875,0.587890625,0.025390625,0.0625]},"a":{"canvas":[0.0833333333,0.304,0.85,0.472],"rect":[0.1650390625,0.6328125,0.0498046875,0.115234375]},"b":{"canvas":[0.1166666667,0.128,0.8666666667,0.648],"rect":[0.2158203125,0.58984375,0.05078125,0.158203125]},"c":{"canvas":[0.1,0.304,0.8833333333,0.472],"rect":[0.267578125,0.6328125,0.0517578125,0.115234375]},"d":{"canvas":[0.0833333333,0.128,0.8833333333,0.648],"rect":[0.3203125,0.58984375,0.0517578125,0.158203125]},"e":{"canvas":[0.0833333333,0.304,0.8666666667,0.472],"rect":[0.373046875,0.6328125,0.05078125,0.115234375]},"f":{"canvas":[0.1166666667,0.12,0.9166666667,0.64],"rect":[0.4248046875,0.587890625,0.0537109375,0.15625]},"g":{"canvas":[0.0666666667,0.304,0.95,0.616],"rect":[0.4794921875,0.6328125,0.0556640625,0.150390625]},"h":{"canvas":[0.1333333333,0.128,0.8,0.632],"rect":[0.5361328125,0.58984375,0.046875,0.154296875]},"i":{"canvas":[0.2,0.136,0.65,0.624],"rect":[0.583984375,0.591796875,0.0380859375,0.15234375]},"j":{"canvas":[0.0833333333,0.136,0.75,0.784],"rect":[0.623046875,0.591796875,0.0439453125,0.19140625]},"k":{"canvas":[0.1166666667,0.128,0.9333333333,0.64],"rect":[0.66796875,0.58984375,0.0546875,0.15625]},"l":{"canvas":[0.15,0.128,0.75,0.632],