{"chars":{" ":{"offset":[0.0,0.7619],"rect":[0.00195,0.16016,0.0,0.0]},"!":{"offset":[0.33333,0.12698],"rect":[0.00391,0.00391,0.01953,0.16016]},"\"":{"offset":[0.2,0.12698],"rect":[0.02539,0.00391,0.03906,0.06641]},"#":{"offset":[0.03333,0.15873],"rect":[0.06641,0.01172,0.05859,0.14844]},"$":{"offset":[0.1,0.14286],"rect":[0.12695,0.00781,0.05273,0.16406]},"%":{"offset":[0.03333,0.15873],"rect":[0.18164,0.01172,0.05859,0.15234]},"&":{"offset":[0.06667,0.15873],"rect":[0.24219,0.01172,0.05664,0.15625]},"'":{"offset":[0.4,0.12698],"rect":[0.30078,0.00391,0.01758,0.06641]},"(":{"offset":[0.26667,0.12698],"rect":[0.32031,0.00391,0.03906,0.19922]},")":{"offset":[0.13333,0.12698],"rect":[0.36133,0.00391,0.03906,0.19922]},"*":{"offset":[0.06667,0.26984],"rect":[0.40234,0.03906,0.05469,0.10156]},"+":{"offset":[0.06667,0.25397],"rect":[0.45898,0.03516,0.05273,0.10547]},",":{"offset":[0.3,0.63492],"rect":[0.51367,0.12891,0.02148,0.07031]},"-":{"offset":[0.13333,0.4127],"rect":[0.53711,0.07422,0.04688,0.02734]},".":{"offset":[0.33333,0.63492],"rect":[0.58594,0.12891,0.01953,0.03516]},"/":{"offset":[0.1,0.12698],"rect":[0.60742,0.00391,0.05078,0.16797]},"0":{"offset":[0.1,0.15873],"rect":[0.66016,0.01172,0.05078,0.15234]},"1":{"offset":[0.16667,0.1746],"rect":[0.71289,0.01563,0.04297,0.14844]},"2":{"offset":[0.13333,0.15873],"rect":[0.75781,0.01172,0.04688,0.14844]},"3":{"offset":[0.1,0.15873],"rect":[0.80664,0.01172,0.04883,0.15234]},"4":{"offset":[0.06667,0.1746],"rect":[0.85742,0.01563,0.05273,0.14453]},"5":{"offset":[0.1,0.1746],"rect":[0.91211,0.01563,0.05078,0.14844]},"6":{"offset":[0.13333,0.15873],"rect":[0.00195,0.21484,0.04688,0.15234]},"7":{"offset":[0.13333,0.1746],"rect":[0.05078,0.21875,0.04688,0.14453]},"8":{"offset":[0.1,0.15873],"rect":[0.09961,0.21484,0.05078,0.15234]},"9":{"offset":[0.13333,0.15873],"rect":[0.15234,0.21484,0.04688,0.15234]},":":{"offset":[0.33333,0.34921],"rect":[0.20117,0.26172,0.01953,0.10547]},";":{"offset":[0.3,0.34921],"rect":[0.22266,0.26172,0.02148,0.14063]},"<":{"offset":[0.06667,0.20635],"rect":[0.24609,0.22656,0.05469,0.12891]},"=":{"offset":[0.06667,0.33333],"rect":[0.30273,0.25781,0.05273,0.07031]},">":{"offset":[0.06667,0.20635],"rect":[0.35742,0.22656,0.05469,0.12891]},"?":{"offset":[0.1,0.12698],"rect":[0.41406,0.20703,0.04883,0.16016]},"@":{"offset":[0.03333,0.15873],"rect":[0.46484,0.21484,0.05664,0.15234]},"A":{"offset":[0.0,0.15873],"rect":[0.52344,0.21484,0.06055,0.15234]},"B":{"offset":[0.06667,0.1746],"rect":[0.58594,0.21875,0.05273,0.14453]},"C":{"offset":[0.06667,0.15873],"rect":[0.64063,0.21484,0.05469,0.15234]},"D":{"offset":[0.1,0.1746],"rect":[0.69727,0.21875,0.05273,0.14844]},"E":{"offset":[0.1,0.1746],"rect":[0.75195,0.21875,0.05078,0.14453]},"F":{"offset":[0.13333,0.1746],"rect":[0.80469,0.21875,0.04688,0.14453]},"G":{"offset":[0.06667,0.15873],"rect":[0.85352,0.21484,0.05469,0.15234]},"H":{"offset":[0.1,0.1746],"rect":[0.91016,0.21875,0.05078,0.14844]},"I":{"offset":[0.13333,0.1746],"rect":[0.00195,0.41016,0.04297,0.14844]},"J":{"offset":[0.06667,0.1746],"rect":[0.04688,0.41016,0.05273,0.14844]},"K":{"offset":[0.06667,0.15873],"rect":[0.10156,0.40625,0.05664,0.15234]},"L":{"offset":[0.1,0.1746],"rect":[0.16016,0.41016,0.04883,0.14844]},"M":{"offset":[0.06667,0.1746],"rect":[0.21094,0.41016,0.05469,0.14844]},"N":{"offset":[0.1,0.1746],"rect":[0.26758,0.41016,0.05078,0.14844]},"O":{"offset":[0.03333,0.15873],"rect":[0.32031,0.40625,0.05664,0.15234]},"P":{"offset":[0.1,0.1746],"rect":[0.37891,0.41016,0.05078,0.14453]},"Q":{"offset":[0.03333,0.15873],"rect":[0.43164,0.40625,0.05664,0.18359]},"R":{"offset":[0.1,0.1746],"rect":[0.49023,0.41016,0.05273,0.14453]},"S":{"offset":[0.06667,0.15873],"rect":[0.54492,0.40625,0.05273,0.15234]},"T":{"offset":[0.03333,0.1746],"rect":[0.59961,0.41016,0.05664,0.14844]},"U":{"offset":[0.1,0.1746],"rect":[0.6582,0.41016,0.05078,0.14844]},"V":{"offset":[0.03333,0.1746],"rect":[0.71094,0.41016,0.05859,0.14844]},"W":{"offset":[0.0,0.1746],"rect":[0.77148,0.41016,0.06055,0.14844]},"X":{"offset":[0.03333,0.1746],"rect":[0.83398,0.41016,0.05859,0.14453]},"Y":{"offset":[0.03333,0.1746],"rect":[0.89453,0.41016,0.05859,0.14453]},"Z":{"offset":[0.1,0.1746],"rect":[0.00195,0.60547,0.05273,0.14844]},"[":{"offset":[0.23333,0.12698],"rect":[0.05664,0.59375,0.03906,0.17969]},"\\":{"offset":[0.1,0.12698],"rect":[0.09766,0.59375,0.05078,0.16797]},"]":{"offset":[0.13333,0.12698],"rect":[0.15039,0.59375,0.03906,0.17969]},"^":{"offset":[0.16667,0.1746],"rect":[0.19141,0.60547,0.04297,0.07031]},"_":{"offset":[0.06667,0.74603],"rect":[0.23633,0.74609,0.05469,0.02344]},"`":{"offset":[0.26667,0.12698],"rect":[0.29297,0.59375,0.02539,0.0625]},"a":{"offset":[0.06667,0.30159],"rect":[0.32031,0.63672,0.05078,0.11719]},"b":{"offset":[0.1,0.12698],"rect":[0.37305,0.59375,0.05273,0.16016]},"c":{"offset":[0.1,0.30159],"rect":[0.42773,0.63672,0.05273,0.11719]},"d":{"offset":[0.06667,0.12698],"rect":[0.48242,0.59375,0.05273,0.16016]},"e":{"offset":[0.06667,0.30159],"rect":[0.53711,0.63672,0.05273,0.11719]},"f":{"offset":[0.1,0.12698],"rect":[0.5918,0.59375,0.05469,0.15625]},"g":{"offset":[0.06667,0.30159],"rect":[0.64844,0.63672,0.05664,0.15234]},"h":{"offset":[0.13333,0.12698],"rect":[0.70703,0.59375,0.04688,0.15625]},"i":{"offset":[0.2,0.14286],"rect":[0.75586,0.59766,0.03906,0.15234]},"j":{"offset":[0.06667,0.14286],"rect":[0.79688,0.59766,0.04492,0.19141]},"k":{"offset":[0.1,0.12698],"rect":[0.84375,0.59375,0.05664,0.16016]},"l":{"offset":[0.13333,0.12698],"rect":[0.90234,0.59375,0.04492,0.15625]},"m":{"offset":[0.06667,0.30159],"rect":[0.00195,0.83203,0.05469,0.11719]},"n":{"offset":[0.13333,0.30159],"rect":[0.05859,0.83203,0.04688,0.11328]},"o":{"offset":[0.06667,0.30159],"rect":[0.10742,0.83203,0.05469,0.11719]},"p":{"offset":[0.1,0.31746],"rect":[0.16406,0.83594,0.05273,0.14844]},"q":{"offset":[0.06667,0.30159],"rect":[0.21875,0.83203,0.05273,0.15234]},"r":{"offset":[0.16667,0.30159],"rect":[0.27344,0.83203,0.04883,0.11719]},"s":{"offset":[0.1,0.30159],"rect":[0.32422,0.83203,0.04883,0.11719]},"t":{"offset":[0.13333,0.19048],"rect":[0.375,0.80469,0.04883,0.14453]},"u":{"offset":[0.1,0.31746],"rect":[0.42578,0.83594,0.05078,0.11328]},"v":{"offset":[0.03333,0.31746],"rect":[0.47852,0.83594,0.05664,0.11328]},"w":{"offset":[0.0,0.31746],"rect":[0.53711,0.83594,0.06055,0.11328]},"x":{"offset":[0.06667,0.31746],"rect":[0.59961,0.83594,0.05469,0.10938]},"y":{"offset":[0.03333,0.31746],"rect":[0.65625,0.83594,0.05664,0.14844]},"z":{"offset":[0.1,0.31746],"rect":[0.71484,0.83594,0.05078,0.11328]},"{":{"offset":[0.1,0.15873],"rect":[0.76758,0.79688,0.04688,0.1875]},"|":{"offset":[0.43333,0.14286],"rect":[0.81641,0.79297,0.01172,0.1875]},"}":{"offset":[0.16667,0.15873],"rect":[0.83008,0.79688,0.04688,0.1875]},"~":{"offset":[0.06667,0.31746],"rect":[0.87891,0.83594,0.05664,0.03906]}}}
