{"ratio":0.456,"chars":{" ":{"canvas":[0.0,0.76,0.0,0.0],"rect":[0.0009765625,0.158203125,0.0,0.0]},"!":{"canvas":[0.350877193,0.128,0.298245614,0.648],"rect":[0.001953125,0.00390625,0.0166015625,0.158203125]},"\"":{"canvas":[0.2105263158,0.128,0.649122807,0.264],"rect":[0.01953125,0.00390625,0.0361328125,0.064453125]},"#":{"canvas":[0.0350877193,0.16,0.9824561404,0.592],"rect":[0.056640625,0.01171875,0.0546875,0.14453125]},"$":{"canvas":[0.1052631579,0.144,0.8771929825,0.664],"rect":[0.1123046875,0.0078125,0.048828125,0.162109375]},"%":{"canvas":[0.0526315789,0.152,0.9649122807,0.624],"rect":[0.162109375,0.009765625,0.0537109375,0.15234375]},"&":{"canvas":[0.0701754386,0.16,0.9649122807,0.624],"rect":[0.216796875,0.01171875,0.0537109375,0.15234375]},"'":{"canvas":[0.4035087719,0.128,0.298245614,0.264],"rect":[0.271484375,0.00390625,0.0166015625,0.064453125]},"(":{"canvas":[0.2631578947,0.12,0.649122807,0.808],"rect":[0.2890625,0.001953125,0.0361328125,0.197265625]},")":{"canvas":[0.1228070175,0.12,0.6666666667,0.808],"rect":[0.326171875,0.001953125,0.037109375,0.197265625]},"*":{"canvas":[0.0701754386,0.264,0.9122807018,0.408],"rect":[0.3642578125,0.037109375,0.05078125,0.099609375]},"+":{"canvas":[0.0877192982,0.256,0.8771929825,0.416],"rect":[0.416015625,0.03515625,0.048828125,0.1015625]},",":{"canvas":[0.298245614,0.64,0.3684210526,0.28],"rect":[0.4658203125,0.12890625,0.0205078125,0.068359375]},"-":{"canvas":[0.1228070175,0.416,0.7894736842,0.096],"rect":[0.4873046875,0.07421875,0.0439453125,0.0234375]},".":{"canvas":[0.350877193,0.64,0.298245614,0.136],"rect":[0.5322265625,0.12890625,0.0166015625,0.033203125]},"/":{"canvas":[0.1052631579,0.12,0.8421052632,0.688],"rect":[0.5498046875,0.001953125,0.046875,0.16796875]},"0":{"canvas":[0.0877192982,0.16,0.8771929825,0.616],"rect":[0.59765625,0.01171875,0.048828125,0.150390625]},"1":{"canvas":[0.1578947368,0.168,0.7192982456,0.6],"rect":[0.6474609375,0.013671875,0.0400390625,0.146484375]},"2":{"canvas":[0.1403508772,0.16,0.7894736842,0.6],"rect":[0.6884765625,0.01171875,0.0439453125,0.146484375]},"3":{"canvas":[0.1228070175,0.16,0.7894736842,0.616],"rect":[0.7333984375,0.01171875,0.0439453125,0.150390625]},"4":{"canvas":[0.0877192982,0.168,0.8771929825,0.592],"rect":[0.7783203125,0.013671875,0.048828125,0.14453125]},"5":{"canvas":[0.1052631579,0.168,0.8421052632,0.608],"rect":[0.828125,0.013671875,0.046875,0.1484375]},"6":{"canvas":[0.1228070175,0.16,0.8070175439,0.616],"rect":[0.8759765625,0.01171875,0.044921875,0.150390625]},"7":{"canvas":[0.1403508772,0.168,0.7894736842,0.592],"rect":[0.921875,0.013671875,0.0439453125,0.14453125]},"8":{"canvas":[0.1052631579,0.16,0.8421052632,0.616],"rect":[0.0009765625,0.208984375,0.046875,0.150390625]},"9":{"canvas":[0.1228070175,0.16,0.8070175439,0.616],"rect":[0.048828125,0.208984375,0.044921875,0.150390625]},":":{"canvas":[0.350877193,0.344,0.298245614,0.432],"rect":[0.0947265625,0.25390625,0.0166015625,0.10546875]},";":{"canvas":[0.298245614,0.344,0.3684210526,0.576],"rect":[0.1123046875,0.25390625,0.0205078125,0.140625]},"<":{"canvas":[0.0526315789,0.208,0.9298245614,0.52],"rect":[0.1337890625,0.220703125,0.0517578125,0.126953125]},"=":{"canvas":[0.0877192982,0.336,0.8771929825,0.272],"rect":[0.1865234375,0.251953125,0.048828125,0.06640625]},">":{"canvas":[0.0701754386,0.208,0.9298245614,0.52],"rect":[0.236328125,0.220703125,0.0517578125,0.126953125]},"?":{"canvas":[0.1052631579,0.128,0.8245614035,0.648],"rect":[0.2890625,0.201171875,0.0458984375,0.158203125]},"@":{"canvas":[0.0526315789,0.16,0.9298245614,0.616],"rect":[0.3359375,0.208984375,0.0517578125,0.150390625]},"A":{"canvas":[0.0,0.152,1.0350877193,0.616],"rect":[0.388671875,0.20703125,0.0576171875,0.150390625]},"B":{"canvas":[0.0877192982,0.168,0.8771929825,0.592],"rect":[0.447265625,0.2109375,0.048828125,0.14453125]},"C":{"canvas":[0.0701754386,0.16,0.9298245614,0.616],"rect":[0.4970703125,0.208984375,0.0517578125,0.150390625]},"D":{"canvas":[0.1052631579,0.168,0.8771929825,0.6],"rect":[0.5498046875,0.2109375,0.048828125,0.146484375]},"E":{"canvas":[0.1052631579,0.168,0.8421052632,0.592],"rect":[0.599609375,0.2109375,0.046875,0.14453125]},"F":{"canvas":[0.1403508772,0.168,0.7894736842,0.592],"rect":[0.6474609375,0.2109375,0.0439453125,0.14453125]},"G":{"canvas":[0.0701754386,0.16,0.9122807018,0.616],"rect":[0.6923828125,0.208984375,0.05078125,0.150390625]},"H":{"canvas":[0.1052631579,0.168,0.8421052632,0.6],"rect":[0.744140625,0.2109375,0.046875,0.146484375]},"I":{"canvas":[0.1578947368,0.168,0.701754386,0.6],"rect":[0.7919921875,0.2109375,0.0390625,0.146484375]},"J":{"canvas":[0.0877192982,0.168,0.8771929825,0.608],"rect":[0.83203125,0.2109375,0.048828125,0.1484375]},"K":{"canvas":[0.0701754386,0.16,0.9473684211,0.608],"rect":[0.8818359375,0.208984375,0.052734375,0.1484375]},"L":{"canvas":[0.1228070175,0.168,0.8070175439,0.6],"rect":[0.935546875,0.2109375,0.044921875,0.146484375]},"M":{"canvas":[0.0701754386,0.168,0.9122807018,0.6],"rect":[0.0009765625,0.408203125,0.05078125,0.146484375]},"N":{"canvas":[0.0877192982,0.168,0.8771929825,0.6],"rect":[0.052734375,0.408203125,0.048828125,0.146484375]},"O":{"canvas":[0.0526315789,0.16,0.9473684211,0.616],"rect":[0.1025390625,0.40625,0.052734375,0.150390625]},"P":{"canvas":[0.1052631579,0.168,0.8596491228,0.592],"rect":[0.15625,0.408203125,0.0478515625,0.14453125]},"Q":{"canvas":[0.0526315789,0.16,0.9473684211,0.736],"rect":[0.205078125,0.40625,0.052734375,0.1796875]},"R":{"canvas":[0.1052631579,0.168,0.8947368421,0.592],"rect":[0.2587890625,0.408203125,0.0498046875,0.14453125]},"S":{"canvas":[0.0877192982,0.16,0.8771929825,0.616],"rect":[0.3095703125,0.40625,0.048828125,0.150390625]},"T":{"canvas":[0.0526315789,0.168,0.9298245614,0.6],"rect":[0.359375,0.408203125,0.0517578125,0.146484375]},"U":{"canvas":[0.0877192982,0.168,0.8771929825,0.608],"rect":[0.412109375,0.408203125,0.048828125,0.1484375]},"V":{"canvas":[0.0350877193,0.168,0.9824561404,0.6],"rect":[0.4619140625,0.408203125,0.0546875,0.146484375]},"W":{"canvas":[0.0175438596,0.168,1.0175438596,0.6],"rect":[0.517578125,0.408203125,0.056640625,0.146484375]},"X":{"canvas":[0.0526315789,0.168,0.9649122807,0.592],"rect":[0.5751953125,0.408203125,0.0537109375,0.14453125]},"Y":{"canvas":[0.0350877193,0.168,0.9824561404,0.592],"rect":[0.6298828125,0.408203125,0.0546875,0.14453125]},"Z":{"canvas":[0.0877192982,0.168,0.8947368421,0.6],"rect":[0.685546875,0.408203125,0.0498046875,0.146484375]},"[":{"canvas":[0.2456140351,0.12,0.649122807,0.728],"rect":[0.736328125,0.396484375,0.0361328125,0.177734375]},"\\":{"canvas":[0.1052631579,0.12,0.8421052632,0.688],"rect":[0.7734375,0.396484375,0.046875,0.16796875]},"]":{"canvas":[0.1578947368,0.12,0.6315789474,0.728],"rect":[0.8212890625,0.396484375,0.03515625,0.177734375]},"^":{"canvas":[0.1578947368,0.168,0.7192982456,0.288],"rect":[0.857421875,0.408203125,0.0400390625,0.0703125]},"_":{"canvas":[0.0526315789,0.752,0.9473684211,0.088],"rect":[0.8984375,0.55078125,0.052734375,0.021484375]},"`":{"canvas":[0.2631578947,0.12,0.4385964912,0.256],"rect":[0.9521484375,0.396484375,0.0244140625,0.0625]},"a":{"canvas":[0.0877192982,0.304,0.8421052632,0.472],"rect":[0.0009765625,0.6328125,0.046875,0.115234375]},"b":{"canvas":[0.1052631579,0.128,0.8596491228,0.648],"rect":[0.048828125,0.58984375,0.0478515625,0.158203125]},"c":{"canvas":[0.1052631579,0.304,0.8771929825,0.472],"rect":[0.09765625,0.6328125,0.048828125,0.115234375]},"d":{"canvas":[0.0877192982,0.128,0.8771929825,0.648],"rect":[0.1474609375,0.58984375,0.048828125,0.158203125]},"e":{"canvas":[0.0877192982,0.304,0.8596491228,0.472],"rect":[0.197265625,0.6328125,0.0478515625,0.115234375]},"f":{"canvas":[0.1228070175,0.12,0.9122807018,0.64],"rect":[0.24609375,0.587890625,0.05078125,0.15625]},"g":{"canvas":[0.0701754386,0.304,0.9473684211,0.616],"rect":[0.2978515625,0.6328125,0.052734375,0.150390625]},"h":{"canvas":[0.1228070175,0.128,0.8070175439,0.632],"rect":[0.3515625,0.58984375,0.044921875,0.154296875]},